overview,title
after receiving an unexpected call from her wayfinding ancestors moana journeys alongside maui and a new crew to the far seas of oceania and into dangerous longlost waters for an adventure unlike anything shes ever faced,moana 2
a heroic true story of major mukund varadarajan an indian army officer who displayed extraordinary bravery during a counterterrorism mission in kashmirs shopian district the film captures his courage in protecting his nation and the devotion of his wife indhu rebecaa varghese,amaran
sonic knuckles and tails reunite against a powerful new adversary shadow a mysterious villain with powers unlike anything they have faced before with their abilities outmatched in every way team sonic must seek out an unlikely alliance in hopes of stopping shadow and protecting the planet,sonic the hedgehog 3
after meeting with newly elected us president thaddeus ross sam finds himself in the middle of an international incident he must discover the reason behind a nefarious global plot before the true mastermind has the entire world seeing red,captain america brave new world
international action star jackie chan is invited to the adoption ceremony of a rare baby panda but after an international crime syndicate attempts to kidnap the bear jackie has to save the bear using his stunt work skills,panda plan
kraven kravinoffs complex relationship with his ruthless gangster father nikolai starts him down a path of vengeance with brutal consequences motivating him to become not only the greatest hunter in the world but also one of its most feared,kraven the hunter
when his brother is killed lapd officer mark leaves the city to return to the island he grew up on seeking answers and ultimately vengeance he soon finds himself in a bloody battle with the corrupt tycoon whos taken over the island paradise,the island
two married spies caught in the crosshairs of an international intelligence network will stop at nothing to obtain a critical asset joe and lara are agents living off the grid whose quiet retreat at a winter resort is blown to shreds when members of the old guard suspect the two may have joined an elite team of rogue spies known as alarum,alarum
to stop an arms dealer from unleashing a deadly superweapon ace sniper brandon beckett and agent zero are deployed to costa verde to lead a group of elite soldiers against an unrelenting militia taking an untested sniper under his wing beckett faces his newest challenge giving orders instead of receiving them with both time and ammo running low in a race to save humanity the team must overcome all odds just to survive,sniper the last stand
with his marriage fraying blake persuades his wife charlotte to take a break from the city and visit his remote childhood home in rural oregon as they arrive at the farmhouse in the dead of night theyre attacked by an unseen animal and barricade themselves inside the home as the creature prowls the perimeter but as the night stretches on blake begins to behave strangely transforming into something unrecognizable,wolf man
mufasa a cub lost and alone meets a sympathetic lion named taka the heir to a royal bloodline the chance meeting sets in motion an expansive journey of a group of misfits searching for their destiny,mufasa the lion king
years after witnessing the death of the revered hero maximus at the hands of his uncle lucius is forced to enter the colosseum after his home is conquered by the tyrannical emperors who now lead rome with an iron fist with rage in his heart and the future of the empire at stake lucius must look to his past to find strength and honor to return the glory of rome to its people,gladiator ii
eddie and venom are on the run hunted by both of their worlds and with the net closing in the duo are forced into a devastating decision that will bring the curtains down on venom and eddies last dance,venom the last dance
fifteen years after vanishing from the cia to start a family elite spies matt and emily jump back into the world of espionage when their cover is blown,back in action
three years after his sisters death yak relentlessly searches for the dark spirit that killed her in hopes of seeking revenge,death whisperer 2
devara a fearless man from a coastal region embarks on a perilous journey into the treacherous world of the sea to safeguard the lives of his people unbeknownst to him his brother bhaira is plotting a conspiracy against him as events unfold devara passes on his legacy to his mildmannered and timid son varada,devara part 1
a gothic tale of obsession between a haunted young woman and the terrifying vampire infatuated with her causing untold horror in its wake,nosferatu
emperor philippa georgiou joins a secret division of starfleet tasked with protecting the united federation of planets and faces the sins of her past,star trek section 31
a year after a supermoons light activated a dormant gene transforming humans into bloodthirsty werewolves and causing nearly a billion deaths the nightmare resurfaces as the supermoon rises again two scientists attempt to stop the mutation but fail and must now struggle to reach one of their family homes,werewolves
after the death of his son javier hopes that restoring his familys abandoned ranch will allow him and his wife mariana who attempted suicide a new beginning but his grandmother refuses,jugaremos en el bosque
a single father and two women venture from the safety of their homes to face monstrous creatures to save the life of a young boy,elevation
on kates 21st birthday camping trip her friends encounter piglet a monstrous humanpig hybrid who brutally murders one of them they uncover piglets origins and kate must confront her past to survive the relentless killer,piglet
18yearold noah moves from america to london with her mother whos recently fallen in love with william a wealthy british businessman noah meets williams son badboy nick and soon discovers there is an attraction between them neither can avoid as noah spends the summer adjusting to her new life her devastating past will catch up with her while falling in love for the first time,my fault london
a fading celebrity decides to use a black market drug a cellreplicating substance that temporarily creates a younger better version of herself,the substance
every year the prime minister has a list of all kinds of troublemakers eliminated in the name of the famous reason of state serge shuster special adviser to the president of the republic finds himself on this list better known as the matignon list  condemned to certain death and at the heart of an implacable plot and a state secret that also put his family in danger serge his wife and children have only one hope left  their gardener léo who hates it when  slugs  invade his garden especially those that want to kill innocent families,the gardener
over a decade after gates connecting worlds appeared awakening hunters with superpowers weakest hunter sung jinwoo encounters a double dungeon and accepts a mysterious quest becoming the only one able to level up changing his fate a catchup recap of the first season coupled with an exclusive sneak peek of the first two episodes of the highly anticipated second season in one momentous theatrical fan experience,solo leveling reawakening
noah must leave her city boyfriend and friends to move into william leisters mansion the flashy and wealthy husband of her mother rafaela as a proud and independent 17 year old noah resists living in a mansion surrounded by luxury however it is there where she meets nick her new stepbrother and the clash of their strong personalities becomes evident from the very beginning,my fault
a returning war veteran stricken with ptsd gets trapped with his teenage sister on bostons tobin memorial bridge when a heavily armed group of exmilitary revolutionaries take everyone hostage,aftermath
bridget jones finally has some luck in her life she has a great job as a screenwriter her family and a new boyfriend the fact that hes over twenty years her junior isnt the only thing causing problems,bridget jones mad about the boy
after santa claus codename red one is kidnapped the north poles head of security must team up with the worlds most infamous tracker in a globetrotting actionpacked mission to save christmas,red one
a sudden attack by wulf a clever and traitorous lord of rohan seeking vengeance for the death of his father forces helm hammerhand the king of rohan and his people to make a daring last stand in the ancient stronghold of the hornburg,the lord of the rings the war of the rohirrim
a listless wade wilson toils away in civilian life with his days as the morally flexible mercenary deadpool behind him but when his homeworld faces an existential threat wade must reluctantly suitup again with an even more reluctant wolverine,deadpool  wolverine
after a shipwreck an intelligent robot called roz is stranded on an uninhabited island to survive the harsh environment roz bonds with the islands animals and cares for an orphaned baby goose,the wild robot
an aging exboxer gangster working as muscle for a boston crime boss receives an upsetting diagnosis  despite a faltering memory he attempts to rectify the sins of his past and reconnect with his estranged children he is determined to leave a positive legacy for his grandson but the criminal underworld isnt done with him and wont loosen their grip willingly,absolution
on the brink of the second world war a young norwegian mans drive to resist the nazis sets a new course for his future  and the future of his country,number 24
basque country spain late nineties a young policewoman manages to infiltrate the ruthless terrorist gang eta,undercover
depicts a continuation of the battle of mayang an allout war against the neighboring country zhao that shin and wang ki fought in in the previous work flame of fate,kingdom iv return of the great general
gru and lucy and their girlsmargo edith and agneswelcome a new member to the gru family gru jr who is intent on tormenting his dad gru also faces a new nemesis in maxime le mal and his femme fatale girlfriend valentina forcing the family to go on the run,despicable me 4
the love between noah and nick seems unwavering despite their parents attempts to separate them but his job and her entry into college open up their lives to new relationships that will shake the foundations of both their relationship and the leister family itself,your fault
forcibly separated from her twin brother when they are orphaned a melancholic misfit learns how to find confidence within herself amid the clutter of misfortunes and everyday life,memoir of a snail
two highly trained operatives grow close from a distance after being sent to guard opposite sides of a mysterious gorge when an evil below emerges they must work together to survive what lies within,the gorge
during the united states 2021 withdrawal from afghanistan a group of female soldiers posing as medical relief are sent back in to rescue a group of kidnapped teenagers caught between isis and the taliban,dirty angels
follow robbie williams journey from childhood to being the youngest member of charttopping boyband take that through to his unparalleled achievements as a recordbreaking solo artist  all the while confronting the challenges that stratospheric fame and success can bring,better man
when dr indiana jones  the tweedsuited professor who just happens to be a celebrated archaeologist  is hired by the government to locate the legendary ark of the covenant he finds himself up against the entire nazi regime,raiders of the lost ark
teenager rileys mind headquarters is undergoing a sudden demolition to make room for something entirely unexpected new emotions joy sadness anger fear and disgust whove long been running a successful operation by all accounts arent sure how to feel when anxiety shows up and it looks like shes not alone,inside out 2
liu chunhe suffering from cerebral palsy bravely breaks through the shackles of body and mind to realize the dream stage for his grandmother while trying to find the coordinates of his own life after experiencing a summer transformation he finally embarked on a new journey,big world
a solitary cat displaced by a great flood finds refuge on a boat with various species and must navigate the challenges of adapting to a transformed world together,flow
geralt of rivia a mutated monster hunter is hired to investigate a series of attacks in a seaside village and finds himself drawn into a centuriesold conflict between humans and merpeople he must count on friends  old and new  to solve the mystery before the hostilities between the two kingdoms escalate into an allout war,the witcher sirens of the deep
three married women had always been dissatisfied sexually with their husbands and hyoji who recently divorced due to her husbands erectile dysfunction they gathered after a long time and had a drink complaining to each other and they received a business card from an unidentified handsome man saying dont you want to play tteok pounding game the four of them head to the meeting place and meet suspicious agents who were waiting for them,sex game 6969
when lainys plan to settle down and start a family falls apart she puts on a fake baby bump tells a lie  and accidentally falls for her dream guy,kinda pregnant
after his fathers death eric zimmerman travels to spain to oversee his companys branches in madrid he falls for judith and engage in an intense erotic relationship full of exploration however eric fears his secret may end their affair,ask me what you want
reallife young couple wim and floor spend an afternoon in the sunwashed rooms of a crumbling home in belgium in a unique twist this artistic erotic documentary is edited in nearly realtime in the slowness we get the build the sweetness and the sexiness forget about fingersnapping fast editing slow is where its at,skin like sun
a us marshal escorts a government witness to trial after hes accused of getting involved with a mob boss only to discover that the pilot who is transporting them is also a hitman sent to assassinate the informant after they subdue him theyre forced to fly together after discovering that there are others attempting to eliminate them,flight risk
a highpowered ceo puts her career and family on the line when she begins a torrid affair with her much younger intern,babygirl
in a world where no one speaks a devout female hunts down a young woman who has escaped her imprisonment recaptured by its ruthless leaders azrael is due to be sacrificed to pacify an ancient evil deep within the surrounding wilderness,azrael
while scavenging the deep ends of a derelict space station a group of young space colonizers come face to face with the most terrifying life form in the universe,alien romulus
four kayakers take the wrong river into a jungle inhabited by a tribe of merciless cannibals,river of blood
women are lucky they get to have the only organ in the human body dedicated exclusively for pleasure the clitoris in this humorous and instructive animated documentary find out its unrecognized anatomy and its unknown herstory,le clitoris
when a kind of rabies that transforms people into aggressive creatures spreads across the planet manel isolates himself at home with his cat relying on his wits to survive but soon they must go out in search of food by land and by sea dodging many dangers,apocalypse z the beginning of the end
in 1815 an american legend whose wife has fallen deathly ill leaving his young children to survive on their own must fight his way back to them across the many perils found in the savage lands of the wild frontier,the ballad of davy crockett
a young sex worker from brooklyn gets her chance at a cinderella story when she meets and impulsively marries the son of an oligarch once the news reaches russia her fairytale is threatened as his parents set out to get the marriage annulled,anora
the blind swordsman skilled in martial arts named cheng xiazi xie miao accidentally saves zhang xiaoyu yang enyou who has suffered from the destruction of his family under the persuasion of the orphan xiaoyu cheng reluctantly keeps him by his side and teaches him skills xiaoyu also waits for the opportunity to seek revenge,eye for an eye 2
after their late former captain is framed lowrey and burnett try to clear his name only to end up on the run themselves,bad boys ride or die
after the tribulation although the souls of ne zha and ao bing were preserved their physical bodies would soon be completely destroyed tai yi zhen ren plans to use the seven colored lotus to reshape their physical forms but in the process of reshaping they encounter numerous difficulties where will the fate of ne zha and ao bing go,ne zha 2
to save the future from a terrible fate marinette becomes chronobug and teams up with bunnyx to defeat a mysterious opponent who travels through time who is this new supervillain and why are they obsessed with exposing marinettes secret superhero identity marinettes only hope is to defeat her new opponent to prevent the end of ladybug and time itself,miraculous world london at the edge of time
two young missionaries are forced to prove their faith when they knock on the wrong door and are greeted by a diabolical mr reed becoming ensnared in his deadly game of catandmouse,heretic
about to embark on a new world tour global pop sensation skye riley begins experiencing increasingly terrifying and inexplicable events overwhelmed by the escalating horrors and the pressures of fame skye is forced to face her dark past to regain control of her life before it spirals out of control,smile 2
in the land of oz ostracized and misunderstood greenskinned elphaba is forced to share a room with the popular aristocrat glinda at shiz university and the twos unlikely friendship is tested as they begin to fulfill their respective destinies as glinda the good and the wicked witch of the west,wicked
paddington travels to peru to visit his beloved aunt lucy who now resides at the home for retired bears with the brown family in tow a thrilling adventure ensues when a mystery plunges them into an unexpected journey through the amazon rainforest and up to the mountain peaks of peru,paddington in peru
an airport security officer races to outsmart a mysterious traveler forcing him to let a dangerous item slip onto a christmas eve flight,carryon
five years after surviving art the clowns halloween massacre sienna and jonathan are still struggling to rebuild their shattered lives as the holiday season approaches they try to embrace the christmas spirit and leave the horrors of the past behind but just when they think theyre safe art returns determined to turn their holiday cheer into a new nightmare the festive season quickly unravels as art unleashes his twisted brand of terror proving that no holiday is safe,terrifier 3
as the avengers and their allies have continued to protect the world from threats too large for any one hero to handle a new danger has emerged from the cosmic shadows thanos a despot of intergalactic infamy his goal is to collect all six infinity stones artifacts of unimaginable power and use them to inflict his twisted will on all of reality everything the avengers have fought for has led up to this moment  the fate of earth and existence itself has never been more uncertain,avengers infinity war
in the near future on a decimated earth paul and his twin sons face terror at night when ferocious creatures awaken when paul is nearly killed the boys come up with a plan for survival using everything their father taught them to keep him alive,arcadian
the untold origin story of optimus prime and megatron better known as sworn enemies but once were friends bonded like brothers who changed the fate of cybertron forever,transformers one
the adventures of a group of explorers who make use of a newly discovered wormhole to surpass the limitations on human space travel and conquer the vast distances involved in an interstellar voyage,interstellar
siblings lucy edmund susan and peter step through a magical wardrobe and find the land of narnia there they discover a charming once peaceful kingdom that has been plunged into eternal winter by the evil white witch jadis aided by the wise and magnificent lion aslan the children lead narnia into a spectacular climactic battle to be free of the witchs glacial powers forever,the chronicles of narnia the lion the witch and the wardrobe
big nick is back on the hunt in europe and closing in on donnie who is embroiled in the treacherous and unpredictable world of diamond thieves and the infamous panther mafia as they plot a massive heist of the worlds largest diamond exchange,den of thieves 2 pantera
after the unexpected death of the pope cardinal lawrence is tasked with managing the covert and ancient ritual of electing a new one sequestered in the vatican with the catholic churchs most powerful leaders until the process is complete lawrence finds himself at the center of a conspiracy that could lead to its downfall,conclave
unbeknownst to her husband soedjiman sulastri made a pact with the devil so that she could have children she gave birth to twins kumala who survived and sumala who died kumala grew up to be a kind child but she was also physically and mentally disabled she often received bad treatment from the people around her one day sumala came from the world of the dead and made a reckoning with those who had hurt kumala,sumala
after the brutal murder of her twin sister darcy goes after those responsible by using haunted items as her tools for revenge,oddity
investigating judge iman grapples with paranoia amid political unrest in tehran when his gun vanishes he suspects his wife and daughters imposing draconian measures that strain family ties as societal rules crumble,the seed of the sacred fig
largo winch devastated by the kidnapping of his son realizes that if he finds those responsible for his bankruptcy maybe hell see his son again,the price of money a largo winch adventure
dallas a burdened but headstrong dancer is determined to get into the best dance school in the countryher late mothers alma mater however that dream is suddenly derailed when the cheeky yet secretly grieving football star drayton crashes into her life with a unique story of his own will the two of them be able to grow into their dreams together or will their dreams be sidelined,sidelined the qb and me
gromits concern that wallace is becoming too dependent on his inventions proves justified when wallace invents a smart gnome that seems to develop a mind of its own when it emerges that a vengeful figure from the past might be masterminding things it falls to gromit to battle sinister forces and save his master or wallace may never be able to invent again,wallace  gromit vengeance most fowl
laura and massimo are back and hotter than ever but the reunited couples new beginning is complicated by massimos family ties and a mysterious man who enters lauras life to win her heart and trust at any cost,365 days this day
determined to help her son who has cerebral palsy bárbara takes her family to india for an experimental treatment,luccas world
after settling in green hills sonic is eager to prove he has what it takes to be a true hero his test comes when dr robotnik returns this time with a new partner knuckles in search for an emerald that has the power to destroy civilizations sonic teams up with his own sidekick tails and together they embark on a globetrotting journey to find the emerald before it falls into the wrong hands,sonic the hedgehog 2
edmond dantes becomes the target of a sinister plot and is arrested on his wedding day for a crime he did not commit after 14 years in the island prison of château dif he manages a daring escape now rich beyond his dreams he assumes the identity of the count of montecristo and exacts his revenge on the three men who betrayed him,the count of monte cristo
mara an ancient pagan spirit hunts a group of teenagers taking their body parts to be reborn a disillusioned and desperate investigator has to face his deepest fears to save the teenagers,whisper of the witch
two heirs of a company ege yazici and asli mansoy are against each other about the future of the company asli is completely a citygirl while ege belongs to çesme will they realize how similar they are despite all their differences,chasing the wind
armored truck security guard james brody is working with his son casey transporting millions of dollars between banks when a team of thieves led by rook orchestrate a takeover of their truck to seize the riches following a violent car chase rook soon has the armored truck surrounded and james and casey find themselves cornered onto a decrepit bridge,armor
escaping postwar europe visionary architect lászló toth arrives in america to rebuild his life his work and his marriage to his wife erzsébet after being forced apart during wartime by shifting borders and regimes on his own in a strange new country lászló settles in pennsylvania where the wealthy and prominent industrialist harrison lee van buren recognizes his talent for building but power and legacy come at a heavy cost,the brutalist
during a weekend getaway at a secluded lakeside estate a group of friends finds themselves entangled in a web of secrets deception and advanced technology as tensions rise and loyalties are tested they uncover unsettling truths about themselves and the world around them,companion
following their explosive showdown godzilla and kong must reunite against a colossal undiscovered threat hidden within our world challenging their very existence  and our own,godzilla x kong the new empire
after losing his drug empire ferry bouman has found a measure of peace away from brabants criminal underworld  until his past catches up to him,ferry 2
undisputed wwe champion cody rhodes will go headtohead with kevin owens as saturday nights main event returns to nbc plus world tag team champion finn bálor will face the ring general gunther for the world heavyweight title the womens world championship will be on the line when liv morgan defends her title against iyo sky,saturday nights main event xxxvii
maria 34 a young writer who has just become a mother is obsessed with a scandalous event alice espanet 37 has drowned her 10monthold twins in the bathtub writing about alice will be marias only way to understand the radical experience of her own motherhood,salve maria
following the events of age of ultron the collective governments of the world pass an act designed to regulate all superhuman activity this polarizes opinion amongst the avengers causing two factions to side with iron man or captain america which causes an epic battle between former allies,captain america civil war
spanning the years 1945 to 1955 a chronicle of the fictional italianamerican corleone crime family when organized crime family patriarch vito corleone barely survives an attempt on his life his youngest son michael steps in to take care of the wouldbe killers launching a campaign of bloody revenge,the godfather
a couple celebrates their sons birthday in the middle of the ocean on their boat a violent storm hits and it brings up hungry creatures from the depths and they fight for their survival,survive
taishi wen zhong led the army of shang dynasty including deng chanyu and four generals of the mo family to xiqi with the help of kunlun immortals such as jiang ziya ji fa led the army and civilians of xiqi to defend their homeland,creation of the gods ii demon force
over many missions and against impossible odds dom toretto and his family have outsmarted outnerved and outdriven every foe in their path now they confront the most lethal opponent theyve ever faced a terrifying threat emerging from the shadows of the past whos fueled by blood revenge and who is determined to shatter this family and destroy everythingand everyonethat dom loves forever,fast x
for centuries and across cultures parents have warned their children of the legendary bagman who snatches innocent children and stuffs them into his vile rotting bagnever to be seen again patrick mckee narrowly escaped such an encounter as a boy which left him with lasting scars throughout his adulthood now patricks childhood tormentor has returned threatening the safety of his wife karina and son jake,bagman
imprisoned in the 1940s for the double murder of his wife and her lover upstanding banker andy dufresne begins a new life at the shawshank prison where he puts his accounting skills to work for an amoral warden during his long stretch in prison dufresne comes to be admired by the other inmates  including an older prisoner named red  for his integrity and unquenchable sense of hope,the shawshank redemption
a poor boy and a pampered rich girl seek to uncover secrets of the past to save their romance and their skin,bad influence
xander cage is your standard adrenaline junkie with no fear and a lousy attitude when the us government recruits him to go on a mission hes not exactly thrilled his mission to gather information on an organization that may just be planning the destruction of the world led by the nihilistic yorgi,xxx
po is gearing up to become the spiritual leader of his valley of peace but also needs someone to take his place as dragon warrior as such he will train a new kung fu practitioner for the spot and will encounter a villain called the chameleon who conjures villains from the past,kung fu panda 4
get exclusive interviews with actors and directors about how season 2 of the worlds most watched series was brought to life from set design to character development,squid game making season 2
twentytwo years after the events of jurassic park isla nublar now features a fully functioning dinosaur theme park jurassic world as originally envisioned by john hammond,jurassic world
after more than thirty years of service as one of the navys top aviators and dodging the advancement in rank that would ground him pete maverick mitchell finds himself training a detachment of top gun graduates for a specialized mission the likes of which no living pilot has ever seen,top gun maverick
when two weddings are accidentally booked on the same day at the same venue each bridal party is challenged with preserving their familys special moment while making the most of the unanticipated tight quarters in a hilarious battle of determination and grit the father of the bride and sister of the other bride chaotically go headtohead as they stop at nothing to uphold an unforgettable celebration for their loved ones,youre cordially invited
garfield the worldfamous mondayhating lasagnaloving indoor cat is about to have a wild outdoor adventure after an unexpected reunion with his longlost father  scruffy street cat vic  garfield and his canine friend odie are forced from their perfectly pampered life into joining vic in a hilarious highstakes heist,the garfield movie
four years after isla nublar was destroyed dinosaurs now liveand huntalongside humans all over the world this fragile balance will reshape the future and determine once and for all whether human beings are to remain the apex predators on a planet they now share with historys most fearsome creatures,jurassic world dominion
rita who finds herself alone when husband ariel works abroad they both find solace and sexual satisfaction in other people when ariel comes back they both act like nothing happened but will this keep their marriage from falling apart,rita
suspicious of the events ensnaring their former colleagues nite owl and silk spectre are spurred out of retirement to investigate as they grapple with personal ethics inner demons and a society turned against them they race the clock to uncover a deepening plot that might trigger global nuclear war,watchmen chapter ii
after witnessing his girlfriends murder a man risks everything  including reality itself  to discover the truth,levels
arum and pica who wanted to complete their internship at lembayung hospital had to face mysterious terror from a woman satan who was suspected of hanged herself in the bathroom the situation became even more tense after they asked others for help to the point where they threatened their own lives and those closest to them,lembayung
19 year old linnéa leaves her small town in sweden and heads for los angeles with the aim of becoming the worlds next big porn star but the road to her goal turns out to be bumpier than she imagined,pleasure
several generations following caesars reign apes  now the dominant species  live harmoniously while humans have been reduced to living in the shadows as a new tyrannical ape leader builds his empire one young ape undertakes a harrowing journey that will cause him to question all hes known about the past and to make choices that will define a future for apes and humans alike,kingdom of the planet of the apes
peter parker is unmasked and no longer able to separate his normal life from the highstakes of being a superhero when he asks for help from doctor strange the stakes become even more dangerous forcing him to discover what it truly means to be spiderman,spiderman no way home
when top hitman joe flood is diagnosed with a terminal illness he decides to take matters into his own hands  by taking a hit out on himself but when the very hitmen he hired also target his exgirlfriend he must fend off an army of assassin colleagues and win back the love of his life before its too late,the killers game
batman raises the stakes in his war on crime with the help of lt jim gordon and district attorney harvey dent batman sets out to dismantle the remaining criminal organizations that plague the streets the partnership proves to be effective but they soon find themselves prey to a reign of chaos unleashed by a rising criminal mastermind known to the terrified citizens of gotham as the joker,the dark knight
a string of violent robberies in the pacific northwest leads veteran fbi agent terry husk into a white supremacist plot to overthrow the federal government,the order
as armies mass for a final battle that will decide the fate of the worldand powerful ancient forces of light and dark compete to determine the outcomeone member of the fellowship of the ring is revealed as the noble heir to the throne of the kings of men yet the sole hope for triumph over evil lies with a brave hobbit frodo who accompanied by his loyal friend sam and the hideous wretched gollum ventures deep into the very dark heart of mordor on his seemingly impossible quest to destroy the ring of power,the lord of the rings the return of the king
audrey avila denise esteban and dani yoshida star as sultry belyas a housewife who is tired of her controlling husband takes a different turn when two young prostitutes rent their apartment as she befriends the two she begins to admire the sexual freedom they have,belyas
soulmates eric and shelly are brutally murdered when the demons of her dark past catch up with them given the chance to save his true love by sacrificing himself eric sets out to seek merciless revenge on their killers traversing the worlds of the living and the dead to put the wrong things right,the crow
in honor of the lion kings 30th anniversary the hollywood bowl transforms into the pride lands for an immersive concert event this music event celebrates the franchises evolution from the 1994 animated film to the tony awardwinning musical and the 2019 and 2024 liveaction films honoring the music and characters that made it a global phenomenon,the lion king at the hollywood bowl
laura has recently started working in the barcelona subway she has been assigned the old and quiet rocafort station but it wont be long before she discovers that this stop harbors a legend that will begin to haunt her many people have died there in strange circumstances over the years and no one seems to be interested in knowing the truth,last stop rocafort st
when a faithful police dog and his human police officer owner are injured together on the job a harebrained but lifesaving surgery fuses the two of them together and dog man is born dog man is sworn to protect and serveand fetch sit and roll over as dog man embraces his new identity and strives to impress his chief he must stop the pretty evil plots of feline supervillain petey the cat,dog man
harry potter has lived under the stairs at his aunt and uncles house his whole life but on his 11th birthday he learns hes a powerful wizardwith a place waiting for him at the hogwarts school of witchcraft and wizardry as he learns to harness his newfound powers with the help of the schools kindly headmaster harry uncovers the truth about his parents deathsand about the villain whos to blame,harry potter and the philosophers stone
after reuniting with gwen stacy brooklyns fulltime friendly neighborhood spiderman is catapulted across the multiverse where he encounters the spider society a team of spiderpeople charged with protecting the multiverses very existence but when the heroes clash on how to handle a new threat miles finds himself pitted against the other spiders and must set out on his own to save those he loves most,spiderman across the spiderverse
when college senior anastasia steele steps in for her sick roommate to interview prominent businessman christian grey for their campus paper little does she realize the path her life will take christian as enigmatic as he is rich and powerful finds himself strangely drawn to ana and she to him though sexually inexperienced ana plunges headlong into an affair  and learns that christians true sexual proclivities push the boundaries of pain and pleasure,fifty shades of grey
sisterinlaws taste 2,sisterinlaws taste 2
the primus extracts a mixed yuan bead into a spirit seed and a demon pill the spirit seed can be reincarnated as a human to help king zhou establish a new dynasty whereas the demon pill will create a devil threatening humanity ne zha is the one who is destined to be the hero but instead he becomes a devil incarnate because the spirit seed and a demon pill are switched,ne zha
young hobbit frodo baggins after inheriting a mysterious ring from his uncle bilbo must leave his home in order to keep it from falling into the hands of its evil creator along the way a fellowship is formed to protect the ringbearer and make sure that the ring arrives at its final destination mt doom the only place where it can be destroyed,the lord of the rings the fellowship of the ring
rita an underrated lawyer working for a large law firm more interested in getting criminals out of jail than bringing them to justice is hired by the leader of a criminal organization,emilia pérez
follow the mythic journey of paul atreides as he unites with chani and the fremen while on a path of revenge against the conspirators who destroyed his family facing a choice between the love of his life and the fate of the known universe paul endeavors to prevent a terrible future only he can foresee,dune part two
henry hart meets a superfaneager to fight crime with kid dangerwho comes into possession of a device that can open up alternate realities facing a wild ride henry will need his best friend jasper and his new superfan sidekick to find his way out or be stuck in another dimension forever,henry danger the movie
when an unexpected enemy emerges and threatens global safety and security nick fury director of the international peacekeeping agency known as shield finds himself in need of a team to pull the world back from the brink of disaster spanning the globe a daring recruitment effort begins,the avengers
in 2045 convicted criminals are given the opportunity to compete on the worlds 1 televised sporting event arena wars they must survive 7 rooms and 7 of the most vicious killers in the country if they win they regain their freedom,arena wars
emmanuelle a quality controller for a luxury hotel brand arrives in hong kong to evaluate a hotel run by margot having been tasked with finding a good reason to sack her searching for a lost pleasure she has numeral sensual experiences inside the hotel and crosses path with kei a mysterious client who she becomes infatuated with,emmanuelle
does being the only guy in an all girl school sound like paradise it might be if the girls knew you were a guy but to stay in school teenage pervert banji cant let cant let anyone find out his chromosomes dont match banjis status conscious parents want him to go to a good school but not enough to spend the money on a good coed school now in addition to studying math and science banji has to learn how to put on a bra and makeup his life has become a living hell not only is he at the bottom of the social pecking order he must also got to conceal his innermasculinity from the pretty classmate girl whos stolen his heart while avoiding the female bullies who threaten to expose his lessthanfeminine charms in the locker room,delinquent in drag
as the world falls young furiosa is snatched from the green place of many mothers into the hands of a great biker horde led by the warlord dementus sweeping through the wasteland they encounter the citadel presided over by immortan joe the two tyrants wage war for dominance and furiosa must survive many trials as she puts together the means to find her way home,furiosa a mad max saga
when a powerful spell turns her parents into giant monsters a teenage princess must journey into the wild to reverse the curse before its too late,spellbound
set in a postapocalyptic world young thomas is deposited in a community of boys after his memory is erased soon learning theyre all trapped in a maze that will require him to join forces with fellow runners for a shot at escape,the maze runner
john garrity his estranged wife and their young son embark on a perilous journey to find sanctuary as a planetkilling comet hurtles toward earth amid terrifying accounts of cities getting levelled the garritys experience the best and worst in humanity as the countdown to the global apocalypse approaches zero their incredible trek culminates in a desperate and lastminute flight to a possible safe haven,greenland
set more than a decade after the events of the first film learn the story of the sully family jake neytiri and their kids the trouble that follows them the lengths they go to keep each other safe the battles they fight to stay alive and the tragedies they endure,avatar the way of water
while at kamp koral for a reunion spongebob and the gang are stalked by a mysterious figure lurking in the shadows as campers start disappearing one by one,spongebob squarepants kreepaway kamp
powered with incredible speed sonic the hedgehog embraces his new home on earth that is until sonic sparks the attention of superuncool evil genius dr robotnik now its supervillain vs supersonic in an allout race across the globe to stop robotnik from using sonics unique power for world domination,sonic the hedgehog
at the heart of an imaginary world populated by fantastical creatures and dangerous monsters the 13 yearold zak goes in search of his twin brother kyle who has disappeared mysteriously equipped with a magical jade stone whose superpowers he doesnt yet know how to control he is joined by his grandmother naïnaï and indiana a beautiful outlaw who can communicate with the worlds fantastical creatures but he is also flanked by wowo formerly a 3 metertall furry pachyderm now turned into a tiny cute and wacky furball by the magical jade stone,zak  wowo the legend of lendarys
101yearold rose dewitt bukater tells the story of her life aboard the titanic 84 years later a young rose boards the ship with her mother and fiancé meanwhile jack dawson and fabrizio de rossi win thirdclass tickets aboard the ship rose tells the whole story from titanics departure through to its deathon its first and last voyageon april 15 1912,titanic
a former dea agent and a former undercover operative revisit their romance during a fateful weekend in taipei unaware of the dangerous consequences of their past,weekend in taipei
an epic love story centered around an older man who reads aloud to a woman with alzheimers from a faded notebook the old mans words bring to life the story about a couple who is separated by world war ii and is then passionately reunited seven years later after they have taken different paths,the notebook
immediately after the events of the desolation of smaug bilbo and the dwarves try to defend erebors mountain of treasure from others who claim it the men of the ruined laketown and the elves of mirkwood meanwhile an army of orcs led by azog the defiler is marching on erebor fueled by the rise of the dark lord sauron dwarves elves and men must unite and the hope for middleearth falls into bilbos hands,the hobbit the battle of the five armies
a former idealistic leader turned corrupt politician is cursed by his grandmother on the eve of the presidential election forcing him to be honest can he win without lies and what will be the conditions,el candidato honesto
a group of young people inadvertently resurrect a seemingly invisible evil,the wailing
after a mysterious leader imposes his law in a brutal system of vertical cells a new arrival battles against a dubious food distribution method,the platform 2
paranormal investigators ed and lorraine warren work to help a family terrorized by a dark presence in their farmhouse forced to confront a powerful entity the warrens find themselves caught in the most terrifying case of their lives,the conjuring
nothing is what it seems when a twisted onenight stand spirals into a serial killers vicious murder spree,strange darling
story about a happily married couple visited by an old friend who ends up stirring the pot by becoming sexually involved with both the husband and the wife,tatsulok tatlo magkasalo
while working underground to fix a water main brooklyn plumbersand brothersmario and luigi are transported down a mysterious pipe and wander into a magical new world but when the brothers are separated mario embarks on an epic quest to find luigi,the super mario bros movie
failed musician jay abandoned his family and now earns a living as head bartender in a trendy london pub every wednesday afternoon a woman comes to his house for graphic almost wordless sex one day jay follows her and learns about her this eventually disrupts their relationship,intimacy
a wife to a blind exfireman whos unable to satisfy his wifes physical needs due to his condition  a young man enters the picture and lures dana to a sinful relationship to satisfy her sexual frustrations,himas
,幼齿花招
remy a resident of paris appreciates good food and has quite a sophisticated palate he would love to become a chef so he can create and enjoy culinary masterpieces to his hearts delight the only problem is remy is a rat when he winds up in the sewer beneath one of paris finest restaurants the rodent gourmet finds himself ideally placed to realize his dream,ratatouille
three years after jurassic world was destroyed isla nublar now sits abandoned when the islands dormant volcano begins roaring to life owen and claire mount a campaign to rescue the remaining dinosaurs from this extinctionlevel event,jurassic world fallen kingdom
when 11yearold riley moves to a new city her emotions team up to help her through the transition joy fear anger disgust and sadness work together but when joy and sadness get lost they must journey through unfamiliar places to get back home,inside out
a cold and mysterious new security guard for a los angeles cash truck company surprises his coworkers when he unleashes precision skills during a heist the crew is left wondering who he is and where he came from soon the marksmans ultimate motive becomes clear as he takes dramatic and irrevocable steps to settle a score,wrath of man
when a notorious gang of bikers recruits her brother for a heist a former motocross champion must face her deepest fears to keep her family safe,gtmax
with the price on his head ever increasing john wick uncovers a path to defeating the high table but before he can earn his freedom wick must face off against a new enemy with powerful alliances across the globe and forces that turn old friends into foes,john wick chapter 4
cars fly trees fight back and a mysterious houseelf comes to warn harry potter at the start of his second year at hogwarts adventure and danger await when bloody writing on a wall announces the chamber of secrets has been opened to save hogwarts will require all of harry ron and hermiones magical abilities and courage,harry potter and the chamber of secrets
wrongfully accused and sent to prison a former basketball star prepares for the national slam dunk competition while finding redemption in himself and in those he loves,slamma jamma
when a new threat capable of destroying the entire planet emerges optimus prime and the autobots must team up with a powerful faction known as the maximals with the fate of humanity hanging in the balance humans noah and elena will do whatever it takes to help the transformers as they engage in the ultimate battle to save earth,transformers rise of the beasts
when a remote village is plagued by a deadly curse one brother must fight to save his family from a terrifying supernatural threat,death whisperer
simba idolizes his father king mufasa and takes to heart his own royal destiny but not everyone in the kingdom celebrates the new cubs arrival scar mufasas brotherand former heir to the thronehas plans of his own the battle for pride rock is ravaged with betrayal tragedy and drama ultimately resulting in simbas exile with help from a curious pair of newfound friends simba will have to figure out how to grow up and take back what is rightfully his,the lion king
a burgerloving hit man his philosophical partner a drugaddled gangsters moll and a washedup boxer converge in this sprawling comedic crime caper their adventures unfurl in three stories that ingeniously trip back and forth in time,pulp fiction
due to sudden deteriorating weather conditions visibility on the airport bridge is severely impaired leaving people stranded and at risk of the bridge collapsing due to a series of chain collisions and explosions amidst the chaos the canine subjects echo from the military experiment project silence who were being transported in secret break free and all human survivors become targets of relentless attacks,project silence
young lion prince simba eager to one day become king of the pride lands grows up under the watchful eye of his father mufasa all the while his villainous uncle scar conspires to take the throne for himself amid betrayal and tragedy simba must confront his past and find his rightful place in the circle of life,the lion king
cobb a skilled thief who commits corporate espionage by infiltrating the subconscious of his targets is offered a chance to regain his old life as payment for a task considered to be impossible inception the implantation of another persons idea into a targets subconscious,inception
the eclectic residents of a small picturesque island town must navigate a sensational murder and the discovery of a million dollars leading to a series of increasingly bad decisions which upend the oncepeaceful community,greedy people
after a migrating duck family alights on their pond with thrilling tales of farflung places the mallard family embarks on a family road trip from new england to new york city to tropical jamaica,migration
a biopic of maratha warrior chhatrapati sambhaji maharaj,chhaava
prostitutes in burnt out tokyo ghetto of postwwii japan peddle their flesh and save onethird of their money for a proposed dancehall to be named paradise the hookers live in a bombedout building but they accept the precarious situation with typical resolve,carmen 1945
a special bond develops between plussized inflatable robot baymax and prodigy hiro hamada who team up with a group of friends to form a band of hightech heroes,big hero 6
after discovering she can see everyones imaginary friends a girl embarks on a magical adventure to reconnect forgotten imaginary friends with their kids,if
criminal mastermind mason is about to execute the score of a lifetime when his lover and key member of his crew decker takes the team down and reveals shes an undercover interpol agent heartbroken mason escapes and retires from the life of crime until his younger brother shawn is out of his league taking on a big bank heist all on his own mason has no choice left but to come to the rescue while interpol brings decker in hoping to unnerve him before the swat teams storm the bank mason must use every tool in his arsenal to not only escape with the prize but also the love of his life,cash out
claire is approached by the father of her murdered childhood friend to help investigate the haunted moor he believes is his sons final resting place,the moor
ethan hunt and his imf team embark on their most dangerous mission yet to track down a terrifying new weapon that threatens all of humanity before it falls into the wrong hands with control of the future and the worlds fate at stake and dark forces from ethans past closing in a deadly race around the globe begins confronted by a mysterious allpowerful enemy ethan must consider that nothing can matter more than his missionnot even the lives of those he cares about most,mission impossible  dead reckoning part one
after the devastating events of avengers infinity war the universe is in ruins due to the efforts of the mad titan thanos with the help of remaining allies the avengers must assemble once more in order to undo thanos actions and restore order to the universe once and for all no matter what consequences may be in store,avengers endgame
after port royal is attacked and pillaged by a mysterious pirate crew capturing the governors daughter elizabeth swann in the process william turner asks freewilling pirate jack sparrow to help him locate the crews shipthe black pearlso that he can rescue the woman he loves,pirates of the caribbean the curse of the black pearl
fbi agent lee harker is a gifted new recruit assigned to the unsolved case of an elusive serial killer as the case takes complex turns unearthing evidence of the occult harker discovers a personal connection to the merciless killer and must race against time to stop him before he claims the lives of another innocent family,longlegs
set in the 22nd century the matrix tells the story of a computer hacker who joins a group of underground insurgents fighting the vast and powerful computers who now rule the earth,the matrix
when his fiancée dumps him at the altar for her ex a young man is left with no alternative but to go on his romantic honeymoon with his mother,honeymoon crasher
a sensual suspense that tells the story of a female teacher and a young student locked in a closed room in the middle of summer,female teacher closing the door
buster moon dreams up a starstudded spectacle set to michael jacksons thriller in this animated short featuring characters from the hit sing films,sing thriller
a young couple is compelled to leave their christian missionary station in the kalahari desert after being threatened with death by an extremist militant gang after crashing their aircraft they must battle man and beast for their lives,prey
led by woody andys toys live happily in his room until andys birthday brings buzz lightyear onto the scene afraid of losing his place in andys heart woody plots against buzz but when circumstances separate buzz and woody from their owner the duo eventually learns to put aside their differences,toy story
top level cia agent avery graves is blackmailed by terrorists into betraying her own country to save her kidnapped husband cut off from her team she turns to her underworld contacts to survive and help locate the coveted intelligence that the kidnappers want,canary black
an apocalyptic story set in the furthest reaches of our planet in a stark desert landscape where humanity is broken and most everyone is crazed fighting for the necessities of life within this world exist two rebels on the run who just might be able to restore order,mad max fury road
in the continuing saga of the corleone crime family a young vito corleone grows up in sicily and in 1910s new york in the 1950s michael corleone attempts to expand the family business into las vegas hollywood and cuba,the godfather part ii
a recap of death note episodes 126 with new footage when rogue shinigami ryuk leaves his death note in the human world he has no idea how far the one who finds it will take his newfound power with the death note in hand brilliant high school student light yagami vows to rid the world of evil,death note relight 1 visions of a god
as new york city is invaded by alien creatures who hunt by sound a woman named sam fights to survive with her cat,a quiet place day one
in the near future a group of war journalists attempt to survive while reporting the truth as the united states stands on the brink of civil war,civil war
in remote wilderness a group of friends who stumble upon a duffle bag full of cash after accidentally killing an unknown woman with their car in attempt to keep the money to themselves they decided to hide the body however this leads them to a much more bigger problem when the mysterious owner of the bag comes looking for them,the bad shepherd
20 years after the events of transmorphers a newer more advanced species of alien robot descends on a rebuilt earth threatening once again to destroy the planet,transmorphers mech beasts
believing they have left behind shadowy figures from their past newlyweds christian and ana fully embrace an inextricable connection and shared life of luxury but just as she steps into her role as mrs grey and he relaxes into an unfamiliar stability new threats could jeopardize their happy ending before it even begins,fifty shades freed
nicolás and antonia lifelong friends feel stuck as they watch their peers find success and stability tired of attending countless weddings that highlight their own struggles they hatch a wild plan pretend to be in love get married and throw a lavish wedding to cash in on the gifts antonia plans to ditch nicolás at the altar believing the scandal will let them keep the money they see this as their ticket to finally funding their dreams,mesa de regalos
five years after the events of jurassic world dominion covert operations expert zora bennett is contracted to lead a skilled team on a topsecret mission to secure genetic material from the worlds three most massive dinosaurs when zoras operation intersects with a civilian family whose boating expedition was capsized they all find themselves stranded on an island where they come facetoface with a sinister shocking discovery thats been hidden from the world for decades,jurassic world rebirth
year three at hogwarts means new fun and challenges as harry learns the delicate art of approaching a hippogriff transforming shapeshifting boggarts into hilarity and even turning back time but the term also brings danger soulsucking dementors hover over the school an ally of the accursed hewhocannotbenamed lurks within the castle walls and fearsome wizard sirius black escapes azkaban and harry will confront them all,harry potter and the prisoner of azkaban
as the son of a viking leader on the cusp of manhood shy hiccup horrendous haddock iii faces a rite of passage he must kill a dragon to prove his warrior mettle but after downing a feared dragon he realizes that he no longer wants to destroy it and instead befriends the beast  which he names toothless  much to the chagrin of his warrior father,how to train your dragon
investigative journalist eddie brock attempts a comeback following a scandal but accidentally becomes the host of venom a violent super powerful alien symbiote soon he must rely on his newfound powers to protect the world from a shadowy organization looking for a symbiote of their own,venom
with his wife out sick a struggling father brings home a lifelike ai only to have his selfaware new help want everything her new family has to offer like the affection of her owner and shell kill to get it,subservience
on the rugged isle of berk where vikings and dragons have been bitter enemies for generations hiccup stands apart defying centuries of tradition when he befriends toothless a feared night fury dragon their unlikely bond reveals the true nature of dragons challenging the very foundations of viking society,how to train your dragon
laura and massimos relationship hangs in the balance as they try to overcome trust issues while a tenacious nacho works to push them apart,the next 365 days
pilots taein and gyusik are set to fly to gimpo under the guidance of flight attendant oksoon passengers are busy boarding however shortly after takeoff a homemade bomb explodes turning the cabin into chaos,hijack 1971
after the death of emperor marcus aurelius his devious son takes power and demotes maximus one of romes most capable generals who marcus preferred eventually maximus is forced to become a gladiator and battle to the death against other men for the amusement of paying audiences,gladiator
a tickingtimebomb insomniac and a slippery soap salesman channel primal male aggression into a shocking new form of therapy their concept catches on with underground fight clubs forming in every town until an eccentric gets in the way and ignites an outofcontrol spiral toward oblivion,fight club
it aint easy bein green  especially if youre a likable albeit smelly ogre named shrek on a mission to retrieve a gorgeous princess from the clutches of a firebreathing dragon shrek teams up with an unlikely compatriot  a wisecracking donkey,shrek
thirty years after the events of the first film a new blade runner lapd officer k unearths a longburied secret that has the potential to plunge whats left of society into chaos ks discovery leads him on a quest to find rick deckard a former lapd blade runner who has been missing for 30 years,blade runner 2049
an unexpected affair quickly escalates into a heartstopping reality for two women whose passionate connection changes their lives forever,below her mouth
mccall believes he has put his mysterious past behind him and dedicated himself to beginning a new quiet life but when he meets teri a young girl under the control of ultraviolent russian gangsters he cant stand idly by  he has to help her armed with hidden skills that allow him to serve vengeance against anyone who would brutalize the helpless mccall comes out of his selfimposed retirement and finds his desire for justice reawakened if someone has a problem if the odds are stacked against them if they have nowhere else to turn mccall will help he is the equalizer,the equalizer
when the disappearance of children and bloody murders multiply in a small mountain village an old legend shrouded in sulphur reappears commander guardiano and captain of the gendarmerie de rolan are forced to join forces to uncover the truth,the soul eater
chef and owner sina bora faces personal and professional challenges on one of his restaurants busiest nights his fathers emergency surgery staff tensions and his former mentor renzos plans to take over push sina to make tough decisions,cooked
in the 22nd century a paraplegic marine is dispatched to the moon pandora on a unique mission but becomes torn between following orders and protecting an alien civilization,avatar
jackie and clotaire grow up at the same high school around the same harbour docks she studies he bunks off their paths cross and they fall madly in love life tries its best to keep them apart but they are like two halves of the same heart,beating hearts
a live broadcast of a latenight talk show in 1977 goes horribly wrong unleashing evil into the nations living rooms,late night with the devil
a gritty crime saga which follows the lives of an elite unit of the la county sheriffs dept and the states most successful bank robbery crew as the outlaws plan a seemingly impossible heist on the federal reserve bank,den of thieves
when a zombie virus pushes korea into a state of emergency those trapped on an express train to busan must fight for their own survival,train to busan
in the fourth installment of the fighting franchise boyka is shooting for the big leagues when an accidental death in the ring makes him question everything he stands for when he finds out the wife of the man he accidentally killed is in trouble boyka offers to fight in a series of impossible battles to free her from a life of servitude,boyka undisputed iv
mismatched cousins david and benji reunite for a tour through poland to honor their beloved grandmother the adventure takes a turn when the pairs old tensions resurface against the backdrop of their family history,a real pain
when a young american woman is sent to rome to begin a life of service to the church she encounters a darkness that causes her to question her own faith and uncovers a terrifying conspiracy that hopes to bring about the birth of evil incarnate,the first omen
puss in boots discovers that his passion for adventure has taken its toll he has burned through eight of his nine lives leaving him with only one life left puss sets out on an epic journey to find the mythical last wish and restore his nine lives,puss in boots the last wish
a reckless night of indiscretion and lust leads a woman into the dark world of blackmail and murder when revealing photos of her sexual tryst unexpectedly surface katy is forced to submit to whatever her tormentors desire,kiss and kill
when bella swan moves to a small town in the pacific northwest she falls in love with edward cullen a mysterious classmate who reveals himself to be a 108yearold vampire despite edwards repeated cautions bella cant stay away from him a fatal move that endangers her own life,twilight
the story of j robert oppenheimers role in the development of the atomic bomb during world war ii,oppenheimer
come share a toast in the front mans lair  but tread carefully for youre playing with fire,squid game fireplace
lovable sulley and his wisecracking sidekick mike wazowski are the top scare team at monsters inc the screamprocessing factory in monstropolis when a little girl named boo wanders into their world its the monsters who are scared silly and its up to sulley and mike to keep her out of sight and get her back home,monsters inc
an innocent young man jack goes on an epic quest to rescue his sister lula after she has been kidnapped by the violent killer cut throat bill and her gang to save her jack enlists the help of a crafty bounty hunter named reginald jones a gravedigging alcoholic son of an exslave and a streetsmart prostitute the gang tracks cut throat bill into the deadly nomans land known as the big thicket  a place where blood and chaos reign,the thicket
set in han imperial china the plot follows the adventures of enslaved girl ping with ancient dragon long danzi dragons had been banished from the kingdom ping an orphan finds one of the last remaining dragon eggs palace guards force ping to run away in order to return the dragon egg to the ocean and save all dragons from extinction ping discovers that she is a true dragonkeeper,dragonkeeper
following the death of the leigh family matriarch annie and her children uncover disturbing secrets about their heritage their daily lives are not only impacted but they also become entangled in a chilling fate from which they cannot escape driving them to the brink of madness,hereditary
nemo an adventurous young clownfish is unexpectedly taken from his great barrier reef home to a dentists office aquarium its up to his worrisome father marlin and a friendly but forgetful fish dory to bring nemo home  meeting vegetarian sharks surfer dude turtles hypnotic jellyfish hungry seagulls and more along the way,finding nemo
one mans campaign for vengeance takes on national stakes after he is revealed to be a former operative of a powerful and clandestine organization known as beekeepers,the beekeeper
a group of criminals kidnap a teenage ballet dancer the daughter of a notorious gang leader in order to obtain a ransom of 50 million but over time they discover that she is not just an ordinary girl after the kidnappers begin to diminish one by one they discover to their increasing horror that they are locked inside with no normal little girl,abigail
driving home to her secluded estate after meeting at a local bar a player out to score thinks his beautiful mysterious date will be another casual hookup while getting acquainted their flirtation turns playful sexy and sinister hoping to get lucky his luck may have just run out,house of darkness
all unemployed kitaeks family takes peculiar interest in the wealthy and glamorous parks for their livelihood until they get entangled in an unexpected incident,parasite
abby russell a beautiful dedicated nurse with a sinister side has a secret life in which she targets and punishes dishonest men,nurse 3d
when his daughter decides to buy a crumbling tuscan villa eric rushes to italy to talk her out of it  and instead finds beauty romance and new purpose,la dolce villa
an upandcoming chef and a recent divorcée find their lives forever changed when a chance encounter brings them together in a decadespanning deeply moving romance,we live in time
struggling to find his place in the world while juggling school and family brooklyn teenager miles morales is unexpectedly bitten by a radioactive spider and develops unfathomable powers just like the one and only spiderman while wrestling with the implications of his new abilities miles discovers a super collider created by the madman wilson kingpin fisk causing others from across the spiderverse to be inadvertently transported to his dimension,spiderman into the spiderverse
animal adventures save the forest portrays softie and her friends as they fight to save their home from a garbage invasion by an automated factory this 3d animated film highlights adventure friendship and environmental protection,animal adventures save the forest
mickey barnes has found himself in the extraordinary circumstance of working for an employer who demands the ultimate commitment to the job to die for a living,mickey 17
wandering her rambling old house in her boring new town 11yearold coraline discovers a hidden door to a strangely idealized version of her life in order to stay in the fantasy she must make a frighteningly real sacrifice,coraline
captain jack sparrow races to recover the heart of davy jones to avoid enslaving his soul to jones service as other friends and foes seek the heart for their own agenda as well,pirates of the caribbean dead mans chest
with his wifes disappearance having become the focus of an intense media circus a man sees the spotlight turned on him when its suspected that he may not be innocent,gone girl
in postwar japan godzilla brings new devastation to an already scorched landscape with no military intervention or government help in sight the survivors must join together in the face of despair and fight back against an unrelenting horror,godzilla minus one
after twelve years of playing his favorite mmorpg game momonga logs in for the last time only to find himself transported into its world playing it indefinitely throughout his adventures his avatar ascends to the title of sorcerer king ains ooal gown once prosperous but now on the brink of ruin the sacred kingdom enjoyed years of peace after construction of an enormous wall protecting them from neighboring invasions but one day this comes to an end when the demon emperor jaldabaoth arrives with an army of villainous demihumans fearing invasion of their own lands the neighboring territory of the slane theocracy is forced to beg their enemies at the sorcerer kingdom for help heeding the call momonga now known as the sorcerer king ains ooal gown rallies the sorcerer kingdom and its undead army to join the fight alongside the sacred kingdom and the slane theocracy in hopes to defeat the demon emperor,overlord the sacred kingdom
two working class youtubers in the making enter an abandoned mansion to get their basketball back and get lost inside while pranking each other they record their quick adventure with their phones for their audience and tweak it with a fake phantom appearance to attract more followers to their youtube channel when uploaded the video goes viral so they start a challenge if the video reaches a certain number of views they will enter the house again at night alone totally unprotected as fans react positively they will do as promised not only to discover and unveil the true nature of the place and their inhabitants but to realize they might not be among the living anymore which opens a question  how far would you go to be famous,do not enter
when harry potters name emerges from the goblet of fire he becomes a competitor in a grueling battle for glory among three wizarding schoolsthe triwizard tournament but since harry never submitted his name for the tournament who did now harry must confront a deadly dragon fierce water demons and an enchanted maze only to find himself in the cruel grasp of he who must not be named,harry potter and the goblet of fire
when maja brings her fiancé home her traditional parents must overcome their cultural biases amidst a crisis at their dairy farm can love find a way,death before the wedding
go behind the scenes and witness how the squid gameinspired reality show transformed from a scripted drama to a cutthroat nailbiting competition,making squid game the challenge
will turner and elizabeth swann join forces with the revived captain barbossa to free jack sparrow from davy jones locker the group must navigate dangerous waters confront many foes and ultimately choose sides in a battle wherein piracy itself hangs in the balance,pirates of the caribbean at worlds end
after being brutally murdered 14yearold susie salmon watches from heaven over her griefstricken family  and her killer as she observes their daily lives she must balance her thirst for revenge with her desire for her family to heal,the lovely bones
in a society devastated by the effects of an allout war between heroes and villains a mysterious giant fortress suddenly appears engulfing towns and people one after another then a man reminiscent of all might the symbol of peace stands in front of izuku and his friends,my hero academia youre next
the film is about rüzgar and hayal who have completely different lives and cultures as well as their past that never leaves them alone and how they hold on to love,aşk sadece bir an
despite his familys baffling generationsold ban on music miguel dreams of becoming an accomplished musician like his idol ernesto de la cruz desperate to prove his talent miguel finds himself in the stunning and colorful land of the dead following a mysterious chain of events along the way he meets charming trickster hector and together they set off on an extraordinary journey to unlock the real story behind miguels family history,coco
dominique a welltrained assassin flees from her troubled past in an attempt to begin a new life in south america however she soon finds herself in a town plagued with violence and corruption facing brutal attacks from the police and mafia dominique must decide whether to protect herself or an innocent family that has taken her in,dominique
peter quill still reeling from the loss of gamora must rally his team around him to defend the universe along with protecting one of their own a mission that if not completed successfully could quite possibly lead to the end of the guardians as we know them,guardians of the galaxy vol 3
in the last months of world war ii as the allies make their final push in the european theatre a battlehardened us army sergeant named wardaddy commands a sherman tank called fury and its fiveman crew on a deadly mission behind enemy lines outnumbered and outgunned wardaddy and his men face overwhelming odds in their heroic attempts to strike at the heart of nazi germany,fury
in the midst of a violent invasion of earth by unknown alien forces photojournalist wakatsuki tetsuya comes across a scantilyclad alien woman cutting a swath of death through the terran ranks with her sword after a chaotic struggle tetsuya is knocked unconscious only to awaken aboard her starship to his surprise she turns out to be kahm the invaders princess  and she has picked tetsuya for a starring role in her upcoming wedding as the groom,outlanders
following the events of captain america civil war peter parker with the help of his mentor tony stark tries to balance his life as an ordinary high school student in queens new york city with fighting crime as his superhero alter ego spiderman as a new threat the vulture emerges,spiderman homecoming
a bored and domesticated shrek pacts with dealmaker rumpelstiltskin to get back to feeling like a real ogre again but when hes duped and sent to a twisted version of far far awaywhere rumpelstiltskin is king ogres are hunted and he and fiona have never methe sets out to restore his world and reclaim his true love,shrek forever after
the true story of how businessman oskar schindler saved over a thousand jewish lives from the nazis while they worked as slaves in his factory during world war ii,schindlers list
tessa young is a dedicated student dutiful daughter and loyal girlfriend to her high school sweetheart entering her first semester of college tessas guarded world opens up when she meets hardin scott a mysterious and brooding rebel who makes her question all she thought she knew about herself  and what she wants out of life,after
as a math savant uncooks the books for a new client the treasury department closes in on his activities and the body count starts to rise,the accountant
antonia is a single mother who works as a hotel maid in berlin a normal hot summer day takes a dramatic turn when she crosses paths with a particular guest of the hotel famous blind portrait painter julius pass,hotel desire
a man with a low iq has accomplished great things in his life and been present during significant historic eventsin each case far exceeding what anyone imagined he could do but despite all he has achieved his one true love eludes him,forrest gump
when three friends finally come to after a raucous night of bachelorparty revelry they find a baby in the closet and a tiger in the bathroom but they cant seem to locate their best friend doug  whos supposed to be tying the knot launching a frantic search for doug the trio perseveres through a nasty hangover to try to make it to the church on time,the hangover
when an american family is invited to spend the weekend at the idyllic country estate of a charming british family they befriended on vacation what begins as a dream holiday soon warps into a snarled psychological nightmare,speak no evil
five months following the murders christopher robin struggles to maintain a regular life while dealing with ptsd however deep within the 100acrewood a destructive rage grows as pooh piglet owl and tigger find their home and their lives endangered after their existence is revealed,winniethepooh blood and honey 2
an upcoming film in the marvel cinematic universes mcu sixth phase and part of the multiverse saga plot tba,avengers doomsday
harry ron and hermione continue their quest to vanquish the evil voldemort once and for all just as things begin to look hopeless for the young wizards harry discovers a trio of magical objects that endow him with powers to rival voldemorts formidable skills,harry potter and the deathly hallows part 2
doctor strange with the help of mystical allies both old and new traverses the mindbending and dangerous alternate realities of the multiverse to confront a mysterious new adversary,doctor strange in the multiverse of madness
returning to her home planet an infamous bounty hunter forms an unexpected alliance with a team of unlikely heroes together they battle monsters and dangerous bandits to protect a young girl who holds the key to unimaginable power,borderlands
although he actually just wanted to steal money the crook denis finds himself in the position of caretaking for the stroke patient raimund when raimunds granddaughter charlotte turns up denis has enough of it and wants to skip but because of an huge blizzard escape is unimaginable,cold feet
determined to prove herself officer judy hopps the first bunny on zootopias police force jumps at the chance to crack her first case  even if it means partnering with scamartist fox nick wilde to solve the mystery,zootopia
as an evil takes over the world beyond their front doorstep the only protection for a mother and her twin sons is their house and their familys protective bond,never let go
a new york stockbroker refuses to cooperate in a large securities fraud case involving corruption on wall street corporate banking world and mob infiltration based on jordan belforts autobiography,the wolf of wall street
in 1930s korea a swindler and a young woman pose as a japanese count and a handmaiden to seduce a japanese heiress and steal her fortune,the handmaiden
after suffering a brutal attack on christmas eve nikki struggles to convince her friends that the assailant was none other than ol kris kringle when santa returns to terrorize the group in their remote cabin the next christmas nikki and her friends must overcome disbelief as they fight to stay alive,santa isnt real
world war ii soldierturnedus marshal teddy daniels investigates the disappearance of a patient from a hospital for the criminally insane but his efforts are compromised by troubling visions and a mysterious doctor,shutter island
a dentist invites a elderly patient to stay at his home to recover unaware that he is a jewel thief he plans to steal a valuable diamond but then runs into a beautiful nurse who aside from constantly stripping nude has plans of her own,night nurse
captain jack sparrow crosses paths with a woman from his past and hes not sure if its love  or if shes a ruthless con artist whos using him to find the fabled fountain of youth when she forces him aboard the queen annes revenge the ship of the formidable pirate blackbeard jack finds himself on an unexpected adventure in which he doesnt know who to fear more blackbeard or the woman from his past,pirates of the caribbean on stranger tides
when tony stark tries to jumpstart a dormant peacekeeping program things go awry and earths mightiest heroes are put to the ultimate test as the fate of the planet hangs in the balance as the villainous ultron emerges it is up to the avengers to stop him from enacting his terrible plans and soon uneasy alliances and unexpected action pave the way for an epic and unique global adventure,avengers age of ultron
a woman thrown into the stayathome routine of raising a toddler in the suburbs slowly embraces the feral power deeply rooted in motherhood as she becomes increasingly aware of the bizarre and undeniable signs that she may be turning into a dog,nightbitch
harry ron and hermione walk away from their last year at hogwarts to find and destroy the remaining horcruxes putting an end to voldemorts bid for immortality but with harrys beloved dumbledore dead and voldemorts unscrupulous death eaters on the loose the world is more dangerous than ever,harry potter and the deathly hallows part 1
scientist bruce banner scours the planet for an antidote to the unbridled force of rage within him the hulk but when the military masterminds who dream of exploiting his powers force him back to civilization he finds himself coming face to face with a new deadly foe,the incredible hulk
operating alone in the field for more than 20 years a cia hitman uses the help wanted section of the newspapers to get his orders from the agency his longlost daughter now a uk mi6 analyst tracks him down to deliver shocking news his cia boss has been dead for years and the division long since shut down together they set out to discover whose orders hes been executing,classified
after escaping a calamitous train crash ethan realizes the entity is stashed aboard an old russian submarine but a foe from his past named gabriel is also on the trail,mission impossible  the final reckoning
while struggling with his dual identity arthur fleck not only stumbles upon true love but also finds the music thats always been inside him,joker folie à deux
a recap of death note episodes 2737 with new footage ls successor must ponder ls defeat if he hopes to succeed where his famed predecessor failed at the headquarters of the spk he calls upon the japanese task force to declare war on light,death note relight 2 ls successors
